{
	"partitions" : [
		{
			"name" : "Top",
			"pins" : [
				{
					"name" : "star",
					"strict" : false
				},
				{
					"name" : "star2",
					"strict" : false
				},
				{
					"name" : "hsync",
					"strict" : false
				},
				{
					"name" : "vsync",
					"strict" : false
				},
				{
					"name" : "rgb[0]",
					"strict" : false
				},
				{
					"name" : "rgb[1]",
					"strict" : false
				},
				{
					"name" : "rgb[2]",
					"strict" : false
				},
				{
					"name" : "rgb[3]",
					"strict" : false
				},
				{
					"name" : "rgb[4]",
					"strict" : false
				},
				{
					"name" : "rgb[5]",
					"strict" : false
				},
				{
					"name" : "rgb[6]",
					"strict" : false
				},
				{
					"name" : "rgb[7]",
					"strict" : false
				},
				{
					"name" : "rgb[8]",
					"strict" : false
				},
				{
					"name" : "rgb[9]",
					"strict" : false
				},
				{
					"name" : "rgb[10]",
					"strict" : false
				},
				{
					"name" : "rgb[11]",
					"strict" : false
				},
				{
					"name" : "trigger",
					"strict" : false
				},
				{
					"name" : "light",
					"strict" : false
				},
				{
					"name" : "clk",
					"strict" : false
				},
				{
					"name" : "reset",
					"strict" : false
				},
				{
					"name" : "reset_simp",
					"strict" : false
				}
			]
		}
	]
}